0;0;0;0;land;false;unknown;0
1;235;102;185;land;false;desert;1
2;251;100;166;land;true;desert;1
3;192;111;210;land;false;desert;1
4;233;170;111;land;false;desert;1
5;228;231;85;land;false;desert;1
6;189;170;222;land;false;desert;1
7;138;235;250;land;false;desert;1
8;233;229;211;land;false;desert;1
9;202;167;140;land;false;desert;1
10;190;173;171;land;false;desert;1
11;177;214;217;land;false;desert;1
12;79;169;253;land;false;desert;1
13;57;226;218;land;false;desert;1
14;109;242;217;land;false;desert;1
15;232;168;230;land;false;desert;1
16;184;123;206;land;false;desert;1
17;243;174;175;land;false;desert;1
18;184;173;185;land;false;desert;1
19;166;188;226;land;false;desert;1
20;156;206;216;land;false;desert;1
21;213;144;200;land;false;desert;1
22;128;236;215;land;false;desert;1
23;210;212;223;land;false;desert;1
24;186;238;245;land;false;desert;1
25;253;185;151;land;false;desert;1
26;236;224;118;land;true;desert;1
27;188;198;208;land;false;desert;1
28;186;216;104;land;false;desert;1
29;246;228;55;land;false;desert;1
30;181;246;231;land;false;desert;1
31;164;181;196;land;false;desert;1
32;246;224;139;land;false;desert;1
33;155;249;189;land;false;desert;1
34;254;11;254;land;false;urban;1
35;212;125;216;land;false;desert;1
36;211;244;217;land;false;desert;1
37;121;193;191;land;false;desert;1
38;66;254;191;land;false;desert;1
39;211;246;206;land;false;desert;1
40;189;252;210;land;false;desert;1
41;226;249;201;land;false;desert;1
42;207;238;58;land;false;desert;1
43;244;12;249;land;false;desert;1
44;116;191;217;land;false;desert;1
45;245;140;229;land;false;desert;1
46;149;221;184;land;false;desert;1
47;228;145;177;land;false;desert;1
48;69;233;240;land;false;desert;1
49;246;76;193;land;false;desert;1
50;142;179;202;land;false;desert;1
51;126;236;211;land;false;desert;1
52;114;204;237;land;true;desert;1
53;169;179;166;land;true;desert;1
54;116;213;204;land;false;desert;1
55;127;216;204;land;false;desert;1
56;245;219;88;land;false;desert;1
57;216;247;133;land;true;plains;1
58;171;222;138;land;false;desert;1
59;211;173;176;land;false;desert;1
60;86;233;243;land;false;desert;1
61;125;227;235;land;false;desert;1
62;214;249;49;land;true;desert;1
63;238;224;157;land;false;desert;1
64;228;57;246;land;false;desert;1
65;168;201;220;land;false;desert;1
66;151;186;220;land;true;desert;1
67;217;115;216;land;false;desert;1
68;204;189;120;land;true;desert;1
69;226;227;85;land;false;desert;1
70;248;84;199;land;true;desert;1
71;153;176;248;land;false;desert;1
72;175;172;166;land;false;desert;1
73;175;114;235;land;false;desert;1
74;163;250;177;land;false;desert;1
75;76;244;203;land;false;desert;1
76;156;233;126;land;false;desert;1
77;135;209;162;land;false;desert;1
78;253;211;130;land;false;plains;1
79;228;179;142;land;false;plains;1
80;218;154;202;land;false;desert;1
81;195;173;193;land;false;desert;1
82;117;254;230;land;false;desert;1
83;134;236;133;land;false;desert;1
84;186;241;215;land;false;desert;1
85;254;48;249;land;false;desert;1
86;196;202;135;land;false;desert;1
87;158;150;203;land;false;desert;1
88;237;206;100;land;false;desert;1
89;211;114;192;land;false;desert;1
90;122;168;227;land;false;desert;1
91;127;187;249;land;false;desert;1
92;238;234;47;land;false;desert;1
93;146;249;126;land;false;desert;1
94;117;181;213;land;false;plains;1
95;248;233;212;land;false;desert;1
96;228;250;187;land;false;desert;1
97;195;105;244;land;false;desert;1
98;168;148;235;land;false;desert;1
99;146;130;230;land;false;desert;1
100;93;212;251;land;false;plains;1
101;132;251;219;land;false;desert;1
102;94;227;228;land;false;desert;1
103;220;247;169;land;false;plains;1
104;253;169;109;land;false;desert;1
105;250;124;175;land;false;desert;1
106;177;114;223;land;false;desert;1
107;136;207;232;land;false;desert;1
108;175;185;180;land;true;urban;1
109;227;109;201;land;false;desert;1
110;182;250;110;land;false;desert;1
111;190;219;214;land;false;desert;1
112;62;254;250;land;false;desert;1
113;178;117;209;land;false;desert;1
114;133;174;254;land;false;desert;1
115;217;136;196;land;false;desert;1
116;244;216;74;land;true;urban;1
117;240;141;222;land;false;desert;1
118;210;248;139;land;false;desert;1
119;195;202;194;land;false;desert;1
120;213;82;230;land;false;desert;1
121;211;225;186;land;false;desert;1
122;158;208;207;land;false;desert;1
123;233;155;149;land;false;desert;1
124;188;196;235;land;false;desert;1
125;197;224;118;land;false;desert;1
126;91;219;221;land;false;desert;1
127;233;111;208;land;false;desert;1
128;219;212;80;land;false;desert;1
129;218;244;122;land;false;desert;1
130;218;113;195;land;false;desert;1
131;210;228;208;land;false;desert;1
132;237;165;122;land;false;plains;1
133;160;134;211;land;true;urban;1
134;220;198;125;land;false;desert;1
135;252;150;184;land;false;desert;1
136;224;184;248;land;false;desert;1
137;208;180;162;land;false;desert;1
138;218;128;220;land;false;desert;1
139;126;150;235;land;false;plains;1
140;81;241;192;land;false;desert;1
141;236;240;101;land;false;desert;1
142;95;246;251;land;false;desert;1
143;190;243;141;land;false;desert;1
144;247;106;195;land;false;desert;1
145;230;156;242;land;false;desert;1
146;212;191;198;land;false;desert;1
147;199;145;163;land;false;plains;1
148;220;201;158;land;true;desert;1
149;235;244;147;land;false;desert;1
150;57;221;247;land;false;desert;1
151;254;224;104;land;true;desert;1
152;157;132;232;land;false;desert;1
153;199;206;232;land;false;desert;1
154;253;239;178;land;false;desert;1
155;160;126;221;land;false;desert;1
156;157;113;241;land;false;desert;1
157;243;147;138;land;false;desert;1
158;164;234;123;land;false;desert;1
159;240;188;252;land;false;desert;1
160;187;143;214;land;false;desert;1
161;246;155;194;land;false;desert;1
162;254;175;239;land;false;desert;1
163;158;171;218;land;false;desert;1
164;205;181;223;land;false;desert;1
165;222;160;194;land;false;desert;1
166;243;202;109;land;false;desert;1
167;246;55;213;land;false;desert;1
168;232;151;250;land;false;desert;1
169;233;196;238;land;false;plains;1
170;81;216;239;land;false;desert;1
171;229;110;214;land;false;desert;1
172;75;224;246;land;false;desert;1
173;220;229;152;land;false;desert;1
174;137;231;162;land;false;desert;1
175;240;221;85;land;false;desert;1
176;194;221;166;land;false;desert;1
177;229;246;82;land;false;desert;1
178;190;209;207;land;false;desert;1
179;193;231;119;land;false;desert;1
180;57;244;249;land;true;desert;1
181;253;67;181;land;false;desert;1
182;125;165;222;land;false;desert;1
183;182;240;126;land;false;desert;1
184;223;165;186;land;false;desert;1
185;181;168;219;land;false;desert;1
186;254;210;72;land;false;desert;1
187;181;224;139;land;false;desert;1
188;161;128;247;land;false;desert;1
189;234;77;225;land;false;desert;1
190;218;254;44;land;false;desert;1
191;249;48;218;land;false;desert;1
192;176;216;183;land;false;desert;1
193;202;239;220;land;false;desert;1
194;240;244;170;land;false;desert;1
195;245;179;130;land;false;desert;1
196;68;251;197;land;false;desert;1
197;185;187;248;land;false;desert;1
198;150;163;227;land;false;desert;1
199;236;210;193;land;false;desert;1
200;240;203;207;land;false;desert;1
201;185;251;204;land;false;desert;1
202;128;199;203;land;false;desert;1
203;254;197;148;land;false;desert;1
204;179;138;238;land;false;plains;1
205;167;135;218;land;false;plains;1
206;222;216;236;land;true;desert;1
207;237;204;247;land;false;desert;1
208;67;232;224;land;false;desert;1
209;239;250;224;land;false;desert;1
210;206;187;213;land;false;desert;1
211;141;122;253;land;false;desert;1
212;227;213;120;land;false;desert;1
213;242;153;203;land;false;plains;1
214;107;218;190;land;false;desert;1
215;204;212;96;land;false;desert;1
216;194;233;237;land;false;desert;1
217;181;194;144;land;false;desert;1
218;148;227;236;land;false;desert;1
219;254;123;219;land;false;desert;1
220;224;213;222;land;true;desert;1
221;166;229;185;land;false;desert;1
222;220;249;130;land;false;desert;1
223;216;245;214;land;false;desert;1
224;193;242;224;land;false;desert;1
225;213;199;185;land;false;desert;1
226;230;170;161;land;false;desert;1
227;220;124;210;land;false;desert;1
228;238;70;235;land;false;desert;1
229;162;164;215;land;false;desert;1
230;204;222;82;land;false;desert;1
231;245;197;92;land;true;urban;1
232;238;156;181;land;false;desert;1
233;229;110;252;land;true;urban;1
234;218;135;195;land;false;plains;1
235;117;243;150;land;false;desert;1
236;221;195;238;land;false;desert;1
237;248;181;231;land;false;desert;1
238;245;122;167;land;false;desert;1
239;31;241;239;land;false;desert;1
240;188;157;207;land;false;plains;1
241;165;235;226;land;true;urban;1
242;75;223;217;land;false;desert;1
243;236;64;225;land;false;desert;1
244;238;62;211;land;false;desert;1
245;98;201;238;land;false;desert;1
246;166;104;237;land;false;desert;1
247;191;179;241;land;false;desert;1
248;246;55;217;land;false;desert;1
249;241;93;229;land;false;desert;1
250;254;150;168;land;false;desert;1
251;237;234;230;land;false;desert;1
252;185;251;208;land;false;desert;1
253;192;173;228;land;false;desert;1
254;177;240;89;land;false;desert;1
255;254;76;205;land;false;desert;1
256;132;168;226;land;false;desert;1
257;228;186;194;land;false;desert;1
258;248;214;40;land;true;urban;1
259;202;219;155;land;false;desert;1
260;231;228;221;land;false;desert;1
261;171;210;204;land;false;desert;1
262;238;237;248;land;false;plains;1
263;236;176;169;land;true;desert;1
264;206;194;127;land;false;desert;1
265;230;242;163;land;false;desert;1
266;193;220;233;land;false;desert;1
267;224;178;196;land;false;desert;1
268;117;223;245;land;true;urban;1
269;205;144;156;land;false;desert;1
270;217;79;220;land;false;desert;1
271;143;211;171;land;false;desert;1
272;208;165;196;land;false;desert;1
273;162;160;229;land;false;desert;1
274;241;253;203;land;false;desert;1
275;92;184;243;land;false;desert;1
276;120;195;222;land;false;desert;1
277;252;222;65;land;false;plains;1
278;220;134;233;land;false;desert;1
279;242;239;193;land;false;desert;1
280;72;252;178;land;false;desert;1
281;222;75;206;land;false;desert;1
282;245;235;159;land;false;desert;1
283;182;121;214;land;false;desert;1
284;253;253;139;land;false;desert;1
285;202;211;206;land;false;desert;1
286;170;136;226;land;false;desert;1
287;166;233;202;land;false;desert;1
288;184;190;208;land;true;desert;1
289;250;141;198;land;false;desert;1
290;225;167;124;land;false;desert;1
291;199;140;188;land;false;desert;1
292;209;102;212;land;false;desert;1
293;221;213;236;land;false;desert;1
294;133;229;229;land;false;plains;1
295;172;240;238;land;false;desert;1
296;217;75;249;land;false;desert;1
297;214;109;178;land;false;desert;1
298;171;217;200;land;false;desert;1
299;57;220;228;land;false;desert;1
300;74;240;202;land;false;plains;1
301;237;227;62;land;false;desert;1
302;238;160;234;land;false;desert;1
303;238;235;56;land;false;desert;1
304;209;239;214;land;false;desert;1
305;251;146;123;land;false;desert;1
306;140;146;234;land;false;desert;1
307;231;81;244;land;true;desert;1
308;104;189;225;land;false;desert;1
309;243;249;227;land;false;desert;1
310;182;128;191;land;false;desert;1
311;194;127;216;land;false;desert;1
312;206;141;227;land;false;desert;1
313;239;238;37;land;false;desert;1
314;249;90;230;land;false;desert;1
315;219;117;198;land;false;desert;1
316;168;253;246;land;false;desert;1
317;241;184;188;land;false;desert;1
318;240;80;215;land;false;desert;1
319;225;229;171;land;false;desert;1
320;216;74;238;land;false;desert;1
321;213;228;150;land;false;desert;1
322;235;125;235;land;false;desert;1
323;206;230;98;land;false;desert;1
324;120;200;183;land;false;desert;1
325;246;201;252;land;false;desert;1
326;147;168;218;land;false;desert;1
327;179;179;200;land;false;desert;1
328;208;248;253;land;false;desert;1
329;221;183;155;land;false;desert;1
330;62;219;225;land;false;desert;1
331;76;246;249;land;false;desert;1
332;124;180;237;land;false;desert;1
333;185;248;247;land;false;desert;1
334;62;201;248;land;false;desert;1
335;250;233;183;land;false;desert;1
336;114;243;220;land;false;desert;1
337;198;223;121;land;false;desert;1
338;201;186;182;land;false;desert;1
339;222;207;214;land;false;desert;1
340;238;250;91;land;false;desert;1
341;156;240;237;land;false;desert;1
342;225;215;243;land;false;desert;1
343;103;227;253;land;false;desert;1
344;243;142;134;land;false;desert;1
345;144;221;235;land;false;desert;1
346;208;219;245;land;false;desert;1
347;251;160;159;land;false;desert;1
348;195;254;169;land;false;desert;1
349;47;243;243;land;false;desert;1
350;243;86;240;land;false;desert;1
351;137;230;156;land;false;desert;1
352;149;124;235;land;false;desert;1
353;189;240;192;land;false;plains;1
354;184;133;246;land;true;desert;1
355;100;236;200;land;false;desert;1
356;234;33;236;land;false;desert;1
357;187;137;215;land;false;desert;1
358;238;206;124;land;false;desert;1
359;230;161;131;land;false;desert;1
360;167;168;193;land;false;desert;1
361;189;248;91;land;false;desert;1
362;213;133;239;land;false;desert;1
363;230;127;150;land;false;desert;1
364;167;234;164;land;true;desert;1
365;146;228;251;land;false;desert;1
366;144;181;246;land;true;desert;1
367;183;210;150;land;false;desert;1
368;174;206;145;land;false;desert;1
369;247;210;140;land;false;desert;1
370;252;72;185;land;false;desert;1
371;253;254;93;land;false;desert;1
372;249;222;100;land;false;desert;1
373;207;222;205;land;true;desert;1
374;126;250;129;land;false;desert;1
375;187;165;200;land;false;desert;1
376;179;238;224;land;false;desert;1
377;183;224;153;land;false;desert;1
378;233;147;174;land;true;desert;1
379;153;158;208;land;false;desert;1
380;244;184;87;land;false;desert;1
381;163;218;190;land;false;desert;1
382;169;252;231;land;false;desert;1
383;82;207;215;land;false;desert;1
384;167;168;169;land;false;desert;1
385;205;194;104;land;false;desert;1
386;215;194;186;land;false;desert;1
387;172;133;253;land;false;desert;1
388;208;83;219;land;false;desert;1
389;190;249;75;land;false;desert;1
390;108;239;249;land;false;desert;1
391;138;235;155;land;false;desert;1
392;252;162;155;land;false;desert;1
393;43;235;223;land;false;desert;1
394;213;164;176;land;false;desert;1
395;245;193;170;land;false;desert;1
396;198;233;171;land;false;desert;1
397;222;207;251;land;false;desert;1
398;210;222;253;land;false;desert;1
399;207;242;71;land;false;desert;1
400;175;249;97;land;false;desert;1
401;198;155;230;land;false;desert;1
402;244;204;66;land;false;desert;1
403;228;61;231;land;false;desert;1
404;201;122;233;land;false;desert;1
405;237;176;202;land;false;desert;1
406;163;227;213;land;true;urban;1
407;250;243;201;land;false;desert;1
408;191;157;246;land;false;desert;1
409;204;247;75;land;false;desert;1
410;225;191;115;land;false;desert;1
411;141;191;211;land;false;desert;1
412;226;186;112;land;false;desert;1
413;240;197;143;land;false;desert;1
414;55;250;213;land;false;desert;1
415;178;153;221;land;true;urban;1
416;223;202;202;land;false;desert;1
417;185;146;215;land;false;desert;1
418;146;174;194;land;false;desert;1
419;207;92;236;land;false;desert;1
420;195;158;227;land;false;desert;1
421;249;155;179;land;false;desert;1
422;222;111;210;land;false;desert;1
423;94;235;237;land;false;desert;1
424;183;220;136;land;false;desert;1
425;194;227;121;land;false;desert;1
426;240;196;186;land;false;desert;1
427;211;182;220;land;false;desert;1
428;236;172;118;land;false;desert;1
429;140;223;182;land;false;desert;1
430;211;167;138;land;false;desert;1
431;147;238;180;land;false;desert;1
432;49;253;250;land;false;desert;1
433;240;207;67;land;false;desert;1
434;222;142;162;land;false;desert;1
435;184;247;165;land;false;desert;1
436;98;253;214;land;false;desert;1
437;235;82;191;land;false;desert;1
438;170;161;180;land;false;desert;1
439;238;152;216;land;false;desert;1
440;57;210;246;land;false;desert;1
441;145;224;235;land;false;desert;1
442;142;241;200;land;false;desert;1
443;219;180;214;land;false;desert;1
444;214;118;188;land;false;desert;1
445;229;156;226;land;false;desert;1
446;214;167;142;land;false;desert;1
447;250;177;150;land;false;desert;1
448;238;148;163;land;false;desert;1
449;189;176;251;land;false;desert;1
450;209;237;127;land;false;desert;1
451;204;215;188;land;false;plains;1
452;111;247;195;land;false;desert;1
453;174;134;238;land;false;plains;1
454;201;198;206;land;false;plains;1
455;187;128;221;land;false;desert;1
456;238;236;115;land;false;desert;1
457;222;250;161;land;false;desert;1
458;164;196;214;land;true;desert;1
459;195;206;210;land;false;desert;1
460;249;234;135;land;false;desert;1
461;241;139;191;land;false;desert;1
462;173;137;224;land;false;desert;1
463;227;165;253;land;true;desert;1
464;230;186;196;land;false;desert;1
465;186;232;168;land;false;desert;1
466;141;169;250;land;true;urban;1
467;83;230;227;land;false;desert;1
468;194;89;229;land;false;desert;1
469;169;230;192;land;false;plains;1
470;218;193;147;land;false;desert;1
471;96;224;228;land;false;desert;1
472;213;92;244;land;false;desert;1
473;157;207;218;land;false;desert;1
474;241;40;238;land;false;desert;1
475;228;239;122;land;false;desert;1
476;242;218;97;land;false;desert;1
477;216;207;244;land;true;urban;1
478;158;202;215;land;false;desert;1
479;221;95;247;land;false;desert;1
480;115;168;236;land;false;desert;1
481;215;210;209;land;false;desert;1
482;248;111;190;land;false;desert;1
483;186;197;243;land;false;desert;1
484;218;199;178;land;false;desert;1
485;193;205;173;land;false;desert;1
486;252;171;213;land;false;desert;1
487;184;238;154;land;false;desert;1
488;188;227;172;land;false;desert;1
489;245;179;223;land;false;desert;1
490;136;226;223;land;false;desert;1
491;181;240;205;land;false;desert;1
492;201;132;207;land;false;desert;1
493;126;241;136;land;false;desert;1
494;158;246;147;land;false;desert;1
495;228;177;99;land;false;desert;1
496;175;208;146;land;false;desert;1
497;100;243;242;land;false;desert;1
498;198;140;250;land;false;desert;1
499;235;188;230;land;false;desert;1
500;234;229;239;land;false;desert;1
501;155;240;235;land;false;desert;1
502;209;97;250;land;false;desert;1
503;189;240;173;land;false;desert;1
504;160;250;162;land;false;desert;1
505;234;116;210;land;false;desert;1
506;138;204;216;land;false;desert;1
507;170;203;158;land;false;desert;1
508;121;178;236;land;false;desert;1
509;248;231;92;land;false;desert;1
510;153;230;236;land;false;desert;1
511;198;166;223;land;false;desert;1
512;216;204;118;land;false;desert;1
513;138;151;233;land;false;desert;1
514;237;179;114;land;false;desert;1
515;169;229;164;land;false;desert;1
516;227;188;166;land;false;desert;1
517;251;227;234;land;true;urban;1
518;209;166;160;land;false;desert;1
519;103;243;177;land;false;desert;1
520;218;59;237;land;false;desert;1
521;217;237;142;land;false;plains;1
522;170;176;185;land;false;desert;1
523;202;237;138;land;false;desert;1
524;184;174;225;land;false;desert;1
525;212;211;241;land;false;desert;1
526;194;193;198;land;false;desert;1
527;125;246;160;land;false;desert;1
528;214;222;217;land;false;desert;1
529;166;128;243;land;false;desert;1
530;91;251;215;land;false;desert;1
531;240;211;124;land;false;desert;1
532;182;248;119;land;false;desert;1
533;207;97;200;land;true;desert;1
534;238;104;223;land;false;desert;1
535;251;247;168;land;false;desert;1
536;241;181;118;land;false;desert;1
537;247;81;227;land;false;desert;1
538;240;237;229;land;false;desert;1
539;234;190;180;land;false;desert;1
540;123;185;246;land;false;desert;1
541;200;95;254;land;false;desert;1
542;157;232;248;land;false;desert;1
543;251;109;192;land;false;desert;1
544;97;253;200;land;false;desert;1
545;254;253;180;land;false;desert;1
546;236;80;254;land;false;desert;1
547;189;146;170;land;false;desert;1
548;39;227;242;land;false;desert;1
549;141;181;249;land;true;desert;1
550;122;239;226;land;false;desert;1
551;216;203;183;land;false;desert;1
552;209;232;140;land;false;desert;1
553;165;244;192;land;false;desert;1
554;164;250;109;land;true;desert;1
555;240;216;244;land;false;plains;1
556;98;241;162;land;false;desert;1
557;250;206;200;land;false;desert;1
558;203;139;237;land;false;desert;1
559;217;143;218;land;false;desert;1
560;179;196;215;land;false;desert;1
561;248;170;91;land;false;plains;1
562;196;101;250;land;false;desert;1
563;189;241;125;land;false;desert;1
564;178;236;110;land;false;desert;1
565;73;218;230;land;false;desert;1
566;173;217;174;land;false;desert;1
567;238;143;210;land;false;desert;1
568;241;199;210;land;false;desert;1
569;243;163;113;land;false;desert;1
570;115;232;199;land;false;desert;1
571;170;242;131;land;false;desert;1
572;245;254;56;land;false;desert;1
573;135;234;186;land;false;desert;1
574;185;173;193;land;false;desert;1
575;205;171;236;land;false;desert;1
576;191;250;183;land;false;desert;1
577;245;67;201;land;false;desert;1
578;137;176;204;land;false;desert;1
579;215;181;157;land;false;desert;1
580;149;246;198;land;false;desert;1
581;227;236;244;land;false;desert;1
582;141;244;234;land;false;desert;1
583;202;227;241;land;false;desert;1
584;124;241;253;land;false;desert;1
585;246;199;121;land;false;desert;1
586;200;87;241;land;false;desert;1
587;214;217;243;land;false;desert;1
588;135;226;234;land;false;desert;1
589;235;232;114;land;false;desert;1
590;232;212;105;land;false;desert;1
591;175;183;191;land;false;desert;1
592;141;250;145;land;false;desert;1
593;233;111;181;land;false;plains;1
594;223;214;243;land;false;plains;1
595;178;221;203;land;true;urban;1
596;169;153;185;land;true;urban;1
597;68;227;208;land;true;desert;1
598;173;239;103;land;false;desert;1
599;250;157;225;land;false;desert;1
600;217;176;163;land;false;desert;1
601;241;115;252;land;false;desert;1
602;199;219;247;land;false;desert;1
603;207;220;156;land;false;desert;1
604;203;219;138;land;false;desert;1
605;164;195;157;land;false;desert;1
606;254;221;97;land;false;desert;1
607;222;178;108;land;false;desert;1
608;66;242;197;land;false;desert;1
609;130;203;194;land;false;desert;1
610;232;190;219;land;false;desert;1
611;164;186;209;land;false;desert;1
612;101;211;227;land;true;urban;1
613;210;82;252;land;false;desert;1
614;181;254;68;land;false;desert;1
615;114;251;247;land;false;desert;1
616;71;247;224;land;false;desert;1
617;237;209;176;land;false;plains;1
618;240;96;215;land;false;urban;1
619;189;154;187;land;false;desert;1
620;210;179;166;land;false;desert;1
621;214;67;225;land;false;desert;1
622;242;163;124;land;true;desert;1
623;234;157;132;land;false;desert;1
624;248;243;162;land;false;desert;1
625;174;224;189;land;false;desert;1
626;237;228;202;land;false;desert;1
627;159;140;215;land;false;desert;1
628;210;219;196;land;false;plains;1
629;112;167;223;land;false;desert;1
630;165;180;242;land;false;desert;1
631;160;157;251;land;false;desert;1
632;196;244;90;land;false;desert;1
633;242;223;119;land;false;desert;1
634;161;239;139;land;false;desert;1
635;225;228;130;land;false;desert;1
636;171;246;154;land;true;desert;1
637;228;176;111;land;false;desert;1
638;234;225;189;land;false;desert;1
639;253;165;143;land;false;desert;1
640;118;152;239;land;false;desert;1
641;220;191;98;land;false;desert;1
642;183;164;247;land;false;desert;1
643;179;243;129;land;false;desert;1
644;169;211;149;land;false;desert;1
645;253;245;230;land;false;desert;1
646;171;237;114;land;false;desert;1
647;170;164;202;land;true;desert;1
648;248;233;165;land;false;desert;1
649;184;248;172;land;false;desert;1
650;140;182;207;land;false;desert;1
651;187;251;251;land;true;plains;1
652;237;245;80;land;false;desert;1
653;189;240;189;land;false;desert;1
654;160;212;240;land;false;desert;1
655;246;156;223;land;false;desert;1
656;237;45;237;land;false;desert;1
657;126;165;217;land;false;desert;1
658;208;196;124;land;true;desert;1
659;115;236;157;land;false;desert;1
660;249;204;118;land;false;desert;1
661;46;248;254;land;false;desert;1
662;207;204;164;land;false;desert;1
663;219;243;155;land;false;desert;1
664;240;241;125;land;false;desert;1
665;228;225;196;land;true;plains;1
666;251;203;121;land;false;desert;1
667;243;223;63;land;false;desert;1
668;219;210;235;land;true;desert;1
669;170;148;189;land;false;desert;1
670;245;102;182;land;false;desert;1
671;184;215;151;land;false;desert;1
672;148;214;251;land;false;desert;1
673;252;222;106;land;true;desert;1
674;253;93;252;land;false;desert;1
675;193;110;247;land;false;plains;1
676;104;221;242;land;false;desert;1
677;248;196;71;land;false;desert;1
678;247;184;212;land;false;desert;1
679;221;251;149;land;false;desert;1
680;97;195;227;land;false;desert;1
681;237;140;141;land;false;desert;1
682;205;213;208;land;false;desert;1
683;74;250;242;land;false;desert;1
684;193;126;238;land;false;desert;1
685;72;240;228;land;false;desert;1
686;141;242;232;land;false;desert;1
687;225;254;113;land;false;desert;1
688;252;220;132;land;false;desert;1
689;236;246;218;land;false;desert;1
690;142;244;173;land;false;desert;1
691;200;145;235;land;false;desert;1
692;245;232;129;land;false;desert;1
693;254;176;237;land;false;desert;1
694;104;254;145;land;false;desert;1
695;67;188;254;land;false;desert;1
696;177;228;136;land;false;desert;1
697;175;229;119;land;false;plains;1
698;254;21;226;land;false;desert;1
699;251;113;138;land;false;desert;1
700;231;189;138;land;false;desert;1
701;224;128;234;land;false;desert;1
702;235;137;161;land;false;desert;1
703;169;181;192;land;false;desert;1
704;199;225;149;land;true;urban;1
705;200;182;198;land;false;desert;1
706;165;218;243;land;false;desert;1
707;251;33;251;land;true;urban;1
708;170;210;163;land;true;urban;1
709;89;215;232;land;false;desert;1
710;214;80;213;land;false;desert;1
711;243;217;80;land;false;desert;1
712;221;193;201;land;false;desert;1
713;151;181;207;land;false;desert;1
714;221;152;248;land;false;desert;1
715;152;154;198;land;false;desert;1
716;254;208;75;land;false;desert;1
717;236;168;195;land;false;desert;1
718;196;226;162;land;false;desert;1
719;106;244;181;land;false;desert;1
720;199;162;207;land;false;desert;1
721;157;137;208;land;false;plains;1
722;211;166;246;land;false;desert;1
723;249;176;184;land;false;desert;1
724;193;187;135;land;false;desert;1
725;123;132;247;land;false;desert;1
726;161;198;150;land;true;plains;1
727;234;246;25;land;false;desert;1
728;180;202;213;land;false;desert;1
729;179;114;232;land;false;desert;1
730;69;213;226;land;false;desert;1
731;244;237;96;land;false;desert;1
732;221;244;92;land;false;desert;1
733;116;250;229;land;false;desert;1
734;179;252;215;land;false;desert;1
735;226;226;155;land;false;desert;1
736;161;243;166;land;false;desert;1
737;181;226;124;land;false;plains;1
738;247;209;96;land;true;urban;1
739;231;249;120;land;false;desert;1
740;148;187;213;land;false;desert;1
741;212;135;202;land;false;desert;1
742;248;165;227;land;false;desert;1
743;183;250;109;land;false;desert;1
744;98;214;190;land;false;desert;1
745;225;217;64;land;false;desert;1
746;210;164;234;land;false;desert;1
747;242;171;192;land;false;desert;1
748;218;155;233;land;true;desert;1
749;247;248;139;land;false;desert;1
750;236;230;50;land;false;desert;1
751;197;251;178;land;false;desert;1
752;175;179;149;land;false;desert;1
753;186;233;196;land;false;desert;1
754;243;210;201;land;false;desert;1
755;168;157;221;land;false;desert;1
756;191;209;184;land;false;desert;1
757;243;181;254;land;false;desert;1
758;236;222;63;land;true;urban;1
759;124;200;197;land;false;desert;1
760;253;142;190;land;false;desert;1
761;69;250;248;land;true;desert;1
762;143;154;231;land;false;desert;1
763;223;164;136;land;false;desert;1
764;111;240;166;land;true;desert;1
765;195;224;84;land;false;desert;1
766;221;225;132;land;false;desert;1
767;244;248;70;land;false;desert;1
768;241;139;162;land;false;desert;1
769;115;158;246;land;false;desert;1
770;175;120;250;land;false;desert;1
771;193;230;209;land;false;desert;1
772;217;103;250;land;false;desert;1
773;235;112;222;land;false;desert;1
774;238;133;169;land;false;desert;1
775;96;205;252;land;false;desert;1
776;63;192;254;land;false;desert;1
777;187;123;211;land;false;desert;1
778;176;222;211;land;false;desert;1
779;184;218;152;land;false;desert;1
780;246;133;148;land;false;desert;1
781;229;156;238;land;false;desert;1
782;225;213;142;land;false;desert;1
783;226;164;226;land;false;desert;1
784;237;57;242;land;false;desert;1
785;175;183;225;land;false;desert;1
786;162;238;252;land;false;desert;1
787;95;216;233;land;false;desert;1
788;193;132;247;land;false;desert;1
789;161;185;169;land;false;desert;1
790;175;238;136;land;false;desert;1
791;130;199;185;land;false;desert;1
792;238;238;28;land;false;desert;1
793;167;182;171;land;false;desert;1
794;180;236;247;land;false;desert;1
795;213;93;239;land;false;desert;1
796;196;118;244;land;false;desert;1
797;221;140;239;land;false;desert;1
798;169;236;148;land;false;plains;1
799;253;243;194;land;false;desert;1
800;41;240;232;land;false;desert;1
801;165;224;126;land;false;desert;1
802;134;229;253;land;true;desert;1
803;252;58;211;land;false;plains;1
804;244;118;144;land;true;urban;1
805;226;166;113;land;false;desert;1
806;146;223;166;land;false;plains;1
807;194;90;240;land;false;plains;1
808;251;246;189;land;false;desert;1
809;218;208;150;land;true;desert;1
810;198;79;246;land;false;desert;1
811;78;188;253;land;false;desert;1
812;147;230;229;land;false;desert;1
813;206;146;231;land;false;desert;1
814;219;211;87;land;false;desert;1
815;106;233;167;land;false;desert;1
816;223;204;199;land;false;desert;1
817;230;235;210;land;true;urban;1
818;154;216;168;land;false;desert;1
819;162;243;147;land;true;urban;1
820;245;155;242;land;false;desert;1
821;147;180;230;land;false;desert;1
822;206;171;217;land;false;desert;1
823;194;158;234;land;true;desert;1
824;207;191;173;land;false;desert;1
825;91;171;246;land;false;desert;1
826;83;177;248;land;false;desert;1
827;228;93;194;land;false;desert;1
828;244;223;178;land;false;desert;1
829;253;151;184;land;false;desert;1
830;246;219;82;land;false;desert;1
831;215;231;77;land;false;desert;1
832;233;84;246;land;false;desert;1
833;147;233;141;land;false;desert;1
834;252;231;146;land;true;desert;1
835;195;217;147;land;false;desert;1
836;167;175;234;land;true;urban;1
837;222;213;171;land;false;desert;1
838;238;227;222;land;false;desert;1
839;224;148;184;land;false;desert;1
840;239;79;196;land;false;desert;1
841;232;155;117;land;false;desert;1
842;212;118;242;land;false;desert;1
843;243;252;82;land;false;desert;1
844;171;246;113;land;false;desert;1
845;74;246;221;land;false;desert;1
846;235;162;149;land;false;desert;1
847;70;250;247;land;false;urban;1
848;127;226;248;land;false;desert;1
849;246;194;182;land;false;desert;1
850;226;167;205;land;true;desert;1
851;112;209;239;land;false;desert;1
852;242;244;57;land;false;desert;1
853;195;164;171;land;false;desert;1
854;210;123;214;land;false;desert;1
855;237;230;172;land;false;desert;1
856;159;96;253;land;false;desert;1
857;171;209;182;land;false;desert;1
858;125;156;234;land;false;desert;1
859;213;236;84;land;false;desert;1
860;201;204;150;land;false;desert;1
861;245;162;103;land;false;desert;1
862;252;176;245;land;false;desert;1
863;188;99;236;land;false;desert;1
864;221;249;119;land;false;desert;1
865;196;175;241;land;false;desert;1
866;249;231;176;land;false;desert;1
867;227;127;232;land;false;desert;1
868;253;217;51;land;false;desert;1
869;159;143;249;land;false;desert;1
870;192;219;103;land;false;desert;1
871;252;141;189;land;false;desert;1
872;248;109;185;land;false;desert;1
873;244;217;127;land;false;desert;1
874;178;163;246;land;false;desert;1
875;177;246;181;land;false;desert;1
876;248;131;193;land;false;desert;1
877;151;237;177;land;false;desert;1
878;232;210;79;land;false;desert;1
879;223;247;144;land;false;desert;1
880;80;224;219;land;false;desert;1
881;200;244;59;land;false;desert;1
882;60;253;228;land;false;desert;1
883;216;82;226;land;false;plains;1
884;98;250;215;land;false;desert;1
885;228;185;182;land;false;desert;1
886;223;166;251;land;false;desert;1
887;206;245;173;land;false;desert;1
888;175;239;137;land;false;desert;1
889;199;107;199;land;true;desert;1
890;177;180;153;land;false;desert;1
891;227;212;67;land;false;desert;1
892;171;197;240;land;false;desert;1
893;215;112;185;land;false;desert;1
894;103;161;237;land;false;desert;1
895;232;186;143;land;false;desert;1
896;217;117;245;land;false;desert;1
897;118;232;172;land;false;desert;1
898;164;209;131;land;false;desert;1
899;248;85;191;land;false;desert;1
900;146;219;193;land;false;desert;1
901;182;160;223;land;false;desert;1
902;152;213;163;land;false;desert;1
903;179;168;243;land;false;desert;1
904;231;85;205;land;false;plains;1
905;147;179;242;land;false;desert;1
906;220;247;135;land;false;desert;1
907;253;155;121;land;false;desert;1
908;187;178;205;land;false;desert;1
909;183;125;232;land;false;desert;1
910;243;139;184;land;false;desert;1
911;241;207;131;land;false;desert;1
912;245;190;73;land;false;desert;1
913;252;65;248;land;false;desert;1
914;212;48;252;land;false;desert;1
915;104;192;243;land;false;desert;1
916;197;107;198;land;false;desert;1
917;233;69;234;land;false;desert;1
918;195;250;220;land;true;plains;1
919;247;202;246;land;false;desert;1
920;190;249;73;land;false;desert;1
921;201;235;103;land;false;desert;1
922;178;252;198;land;false;desert;1
923;223;239;106;land;false;desert;1
924;253;81;248;land;false;desert;1
925;129;201;195;land;false;desert;1
926;210;141;240;land;false;desert;1
927;171;200;152;land;false;desert;1
928;134;243;201;land;false;desert;1
929;120;185;209;land;false;plains;1
930;144;128;252;land;false;plains;1
931;236;248;18;land;false;desert;1
932;253;87;187;land;false;desert;1
933;229;230;167;land;true;desert;1
934;150;248;202;land;false;desert;1
935;248;100;186;land;false;desert;1
936;247;138;174;land;false;desert;1
937;211;67;241;land;false;desert;1
938;230;222;211;land;false;desert;1
939;241;185;164;land;false;desert;1
940;80;235;238;land;false;desert;1
941;173;222;168;land;true;desert;1
942;234;53;240;land;false;desert;1
943;172;168;176;land;false;desert;1
944;225;93;253;land;false;desert;1
945;74;232;217;land;false;desert;1
946;225;227;98;land;false;desert;1
947;173;218;235;land;false;desert;1
948;161;110;246;land;false;desert;1
949;221;144;177;land;false;plains;1
950;185;209;156;land;false;desert;1
951;117;202;216;land;false;desert;1
952;182;185;143;land;false;desert;1
953;184;248;148;land;false;desert;1
954;174;190;217;land;false;desert;1
955;161;173;242;land;false;desert;1
956;214;251;215;land;false;desert;1
957;171;147;240;land;false;desert;1
958;74;242;239;land;false;desert;1
959;244;178;139;land;true;desert;1
960;245;214;219;land;false;desert;1
961;241;101;188;land;false;desert;1
962;167;207;199;land;false;desert;1
963;97;231;225;land;false;desert;1
964;161;219;190;land;false;desert;1
965;76;219;213;land;false;desert;1
966;72;216;245;land;false;desert;1
967;219;187;221;land;false;desert;1
968;227;210;136;land;false;desert;1
969;233;126;209;land;false;desert;1
970;236;244;174;land;false;desert;1
971;230;216;97;land;false;desert;1
972;135;237;183;land;false;desert;1
973;222;205;244;land;false;desert;1
974;163;195;236;land;false;desert;1
975;234;226;151;land;false;desert;1
976;237;106;198;land;true;desert;1
977;164;233;245;land;false;desert;1
978;250;162;119;land;false;desert;1
979;187;165;179;land;false;desert;1
980;180;244;238;land;true;urban;1
981;190;133;222;land;false;desert;1
982;45;241;249;land;false;desert;1
983;199;166;163;land;false;desert;1
984;223;247;34;land;false;desert;1
985;163;134;232;land;false;desert;1
986;241;186;82;land;true;desert;1
987;248;235;88;land;false;desert;1
988;238;211;117;land;false;desert;1
989;132;229;176;land;false;desert;1
990;137;189;175;land;false;desert;1
991;174;194;244;land;false;desert;1
992;160;171;210;land;false;desert;1
993;123;214;217;land;false;desert;1
994;242;167;178;land;true;desert;1
995;179;183;191;land;false;desert;1
996;189;209;198;land;false;desert;1
997;221;97;254;land;false;desert;1
998;252;115;148;land;true;urban;1
999;170;244;240;land;false;desert;1
1000;210;201;211;land;false;urban;1
1001;190;216;160;land;false;desert;1
1002;130;251;173;land;false;desert;1
1003;235;100;247;land;false;desert;1
1004;243;214;193;land;false;desert;1
1005;69;217;244;land;false;desert;1
1006;205;210;213;land;false;desert;1
1007;129;220;179;land;false;desert;1
1008;173;209;167;land;true;urban;1
1009;154;244;145;land;false;desert;1
1010;100;252;183;land;true;desert;1
1011;165;163;250;land;false;desert;1
1012;168;138;236;land;false;desert;1
1013;202;114;234;land;false;desert;1
1014;247;200;207;land;false;desert;1
1015;234;251;34;land;false;desert;1
1016;92;234;194;land;false;desert;1
1017;196;106;237;land;true;desert;1
1018;144;219;167;land;true;urban;1
1019;189;232;214;land;false;desert;1
1020;179;239;234;land;false;desert;1
1021;186;205;220;land;false;desert;1
1022;115;228;252;land;false;desert;1
1023;245;197;202;land;false;desert;1
1024;163;163;211;land;false;desert;1
1025;212;237;76;land;false;desert;1
1026;224;251;199;land;false;desert;1
1027;103;236;191;land;true;desert;1
1028;125;160;249;land;true;desert;1
1029;107;248;179;land;false;desert;1
1030;232;231;253;land;false;desert;1
1031;211;165;207;land;false;desert;1
1032;228;178;212;land;false;desert;1
1033;135;191;226;land;false;desert;1
1034;196;126;251;land;true;desert;1
1035;250;61;246;land;false;desert;1
1036;123;159;238;land;false;desert;1
1037;216;225;251;land;false;desert;1
1038;178;251;202;land;false;desert;1
1039;149;231;200;land;false;desert;1
1040;235;161;157;land;false;desert;1
1041;155;172;242;land;false;desert;1
1042;187;74;240;land;false;desert;1
1043;232;224;141;land;false;desert;1
1044;91;212;212;land;false;desert;1
1045;191;94;247;land;false;desert;1
1046;68;236;233;land;true;urban;1
1047;172;187;231;land;false;desert;1
1048;241;99;194;land;false;desert;1
1049;116;167;226;land;true;desert;1
1050;222;236;198;land;false;desert;1
1051;150;201;221;land;false;desert;1
1052;247;43;216;land;false;desert;1
1053;248;67;202;land;false;desert;1
1054;217;238;102;land;false;desert;1
1055;234;245;141;land;false;desert;1
1056;201;185;165;land;false;desert;1
1057;149;238;126;land;false;desert;1
1058;101;226;250;land;false;desert;1
1059;115;188;229;land;false;desert;1
1060;171;221;228;land;false;desert;1
1061;235;234;171;land;true;urban;1
1062;237;178;203;land;false;desert;1
1063;252;138;240;land;false;desert;1
1064;219;183;207;land;false;desert;1
1065;179;184;164;land;false;desert;1
1066;216;226;148;land;false;desert;1
1067;212;201;136;land;false;desert;1
1068;224;96;244;land;false;desert;1
1069;211;253;144;land;false;desert;1
1070;218;233;77;land;false;desert;1
1071;233;225;223;land;false;desert;1
1072;110;204;190;land;false;desert;1
1073;193;203;159;land;false;desert;1
1074;196;222;117;land;false;desert;1
1075;239;124;240;land;false;plains;1
1076;228;221;215;land;false;desert;1
1077;69;242;253;land;false;desert;1
1078;86;230;204;land;false;desert;1
1079;226;210;228;land;false;desert;1
1080;234;217;88;land;false;desert;1
1081;153;235;122;land;false;desert;1
1082;189;193;131;land;false;desert;1
1083;218;237;154;land;false;desert;1
1084;240;192;184;land;false;desert;1
1085;229;94;248;land;false;desert;1
1086;69;243;220;land;false;desert;1
1087;187;225;152;land;false;desert;1
1088;146;198;223;land;false;desert;1
1089;242;187;210;land;false;desert;1
1090;221;210;196;land;true;desert;1
1091;249;197;185;land;false;desert;1
1092;239;134;170;land;false;desert;1
1093;144;202;251;land;false;desert;1
1094;249;190;64;land;false;plains;1
1095;202;145;163;land;false;desert;1
1096;179;227;99;land;false;desert;1
1097;246;163;202;land;true;urban;1
1098;228;140;186;land;false;desert;1
1099;240;246;140;land;false;desert;1
1100;220;199;115;land;false;desert;1
1101;225;239;146;land;false;plains;1
1102;247;133;244;land;false;desert;1
1103;153;183;215;land;false;desert;1
1104;191;107;226;land;false;desert;1
1105;114;246;221;land;true;urban;1
1106;179;122;249;land;false;desert;1
1107;132;234;152;land;false;desert;1
1108;130;254;211;land;false;desert;1
1109;203;221;191;land;false;desert;1
1110;173;184;239;land;false;desert;1
1111;192;239;195;land;false;desert;1
1112;246;67;243;land;false;desert;1
1113;186;240;242;land;false;desert;1
1114;233;138;226;land;false;desert;1
1115;253;18;245;land;false;desert;1
1116;234;88;240;land;false;desert;1
1117;234;197;112;land;false;desert;1
1118;201;201;158;land;false;desert;1
1119;246;146;142;land;false;desert;1
1120;199;183;185;land;false;desert;1
1121;194;170;175;land;false;desert;1
1122;246;235;183;land;false;desert;1
1123;239;247;38;land;false;desert;1
1124;181;119;233;land;false;desert;1
1125;199;190;216;land;true;urban;1
1126;243;108;209;land;false;desert;1
1127;252;76;244;land;true;urban;1
1128;241;239;161;land;false;plains;1
1129;249;227;202;land;false;urban;1
1130;234;159;216;land;false;desert;1
1131;243;105;182;land;false;desert;1
1132;252;136;159;land;false;desert;1
1133;232;185;202;land;false;desert;1
1134;182;143;194;land;true;urban;1
1135;191;136;184;land;false;desert;1
1136;172;141;201;land;true;desert;1
1137;109;227;239;land;false;desert;1
1138;88;242;216;land;false;desert;1
1139;131;222;171;land;false;desert;1
1140;139;240;187;land;false;desert;1
1141;235;85;217;land;false;desert;1
1142;125;147;232;land;false;desert;1
1143;182;250;176;land;false;plains;1
1144;253;34;253;land;false;desert;1
1145;161;246;166;land;false;desert;1
1146;205;59;239;land;false;desert;1
1147;162;222;121;land;false;desert;1
1148;90;200;217;land;false;desert;1
1149;191;194;201;land;false;desert;1
1150;167;204;240;land;false;desert;1
1151;189;230;174;land;false;urban;1
1152;232;171;154;land;false;desert;1
1153;130;202;212;land;true;desert;1
1154;229;67;231;land;false;desert;1
1155;210;245;104;land;false;desert;1
1156;234;149;177;land;false;desert;1
1157;202;174;203;land;false;desert;1
1158;232;162;235;land;false;desert;1
1159;245;163;147;land;false;desert;1
1160;210;220;216;land;false;desert;1
1161;213;229;176;land;false;desert;1
1162;239;157;165;land;false;desert;1
1163;178;243;191;land;false;desert;1
1164;229;190;239;land;false;desert;1
1165;125;252;231;land;false;desert;1
1166;242;246;42;land;false;desert;1
1167;230;251;34;land;false;desert;1
1168;244;224;249;land;false;desert;1
1169;138;201;247;land;false;desert;1
1170;100;206;238;land;false;desert;1
1171;242;199;100;land;false;desert;1
1172;227;247;106;land;false;desert;1
1173;212;228;79;land;false;desert;1
1174;174;174;191;land;false;desert;1
1175;233;183;151;land;false;desert;1
1176;106;236;197;land;false;desert;1
1177;216;212;229;land;false;desert;1
1178;226;199;186;land;false;desert;1
1179;183;224;107;land;false;desert;1
1180;192;248;207;land;false;desert;1
1181;155;246;235;land;false;desert;1
1182;213;238;139;land;false;desert;1
1183;112;176;246;land;false;desert;1
1184;232;117;201;land;false;desert;1
1185;216;234;187;land;false;desert;1
1186;241;185;180;land;false;desert;1
1187;131;228;247;land;false;desert;1
1188;139;193;225;land;false;desert;1
1189;161;132;213;land;true;desert;1
1190;186;163;187;land;true;plains;1
1191;233;242;137;land;true;plains;1
1192;215;219;100;land;true;desert;1
1193;252;104;179;land;true;desert;1
1194;187;248;67;land;true;desert;1
1195;203;114;253;land;true;desert;1
1196;11;3;28;sea;false;ocean;0
1197;26;16;34;sea;true;ocean;0
1198;34;47;14;sea;true;ocean;0
1199;12;21;45;sea;true;ocean;0
1200;43;10;27;sea;false;ocean;0
1201;23;53;6;sea;true;ocean;0
1202;9;70;4;sea;true;ocean;0
1203;31;40;16;sea;true;ocean;0
1204;8;39;5;sea;true;ocean;0
1205;3;43;14;sea;false;ocean;0
1206;65;10;15;sea;true;ocean;0
1207;9;6;52;sea;true;ocean;0
1208;9;47;10;sea;true;ocean;0
1209;43;12;9;sea;true;ocean;0
1210;28;36;25;sea;false;ocean;0
1211;61;0;36;sea;true;ocean;0
1212;2;44;46;sea;true;ocean;0
1213;21;30;11;sea;true;ocean;0
1214;8;12;75;sea;true;ocean;0
1215;35;8;9;sea;true;ocean;0
1216;29;16;17;sea;true;ocean;0
1217;13;11;15;sea;true;ocean;0
1218;2;24;59;sea;true;ocean;0
1219;2;84;10;sea;true;ocean;0
1220;12;38;18;sea;true;ocean;0
1221;30;47;4;sea;true;ocean;0
1222;38;23;27;sea;true;ocean;0
1223;55;1;26;sea;true;ocean;0
1224;78;5;6;sea;true;ocean;0
1225;62;7;24;sea;true;ocean;0
1226;6;72;16;sea;true;ocean;0
1227;5;73;20;sea;true;ocean;0
1228;94;5;0;sea;true;ocean;0
1229;38;3;2;sea;true;ocean;0
1230;34;9;44;sea;true;ocean;0
1231;7;58;34;sea;true;ocean;0
1232;57;1;24;sea;true;ocean;0
1233;48;27;17;sea;true;ocean;0
1234;0;23;29;sea;true;ocean;0
1235;11;35;11;sea;true;ocean;0
1236;22;28;20;sea;true;ocean;0
1237;62;26;2;sea;true;ocean;0
1238;13;21;49;sea;true;ocean;0
1239;19;20;11;sea;true;ocean;0
1240;35;4;7;sea;true;ocean;0
1241;22;25;38;sea;true;ocean;0
1242;5;1;33;sea;true;ocean;0
1243;17;54;4;sea;true;ocean;0
1244;9;24;57;sea;true;ocean;0
1245;48;23;22;sea;true;ocean;0
1246;59;1;31;sea;true;ocean;0
1247;58;9;27;sea;true;ocean;0
1248;0;52;4;sea;true;ocean;0
1249;20;42;5;sea;true;ocean;0
1250;14;22;36;sea;true;ocean;0
1251;22;8;26;sea;true;ocean;0
1252;25;7;4;sea;true;ocean;0
1253;0;21;62;sea;true;ocean;0
1254;31;5;0;sea;true;ocean;0
1255;16;49;23;sea;true;ocean;0
1256;4;12;27;sea;true;ocean;0
1257;2;24;60;sea;true;ocean;0
1258;1;47;6;sea;true;ocean;0
1259;46;35;10;sea;true;ocean;0
1260;5;49;40;sea;true;ocean;0
1261;11;56;8;sea;true;ocean;0
1262;1;40;14;sea;true;ocean;0
1263;27;7;13;sea;true;ocean;0
1264;76;0;8;sea;true;ocean;0
1265;41;20;2;sea;true;ocean;0
1266;18;23;25;sea;true;ocean;0
1267;20;75;3;sea;true;ocean;0
1268;17;30;15;sea;true;ocean;0
1269;43;21;1;sea;true;ocean;0
1270;34;62;26;lake;true;lakes;0
1271;14;56;34;lake;false;lakes;0
1272;96;40;7;lake;true;lakes;0
1273;86;49;100;lake;false;ocean;0
1274;110;176;186;land;false;urban;1
1275;232;154;198;land;false;urban;1
1276;135;93;210;land;false;urban;1
1277;232;120;166;land;false;plains;1
1278;151;157;189;land;true;unknown;0
1279;119;170;115;land;true;urban;0
1280;162;179;160;land;false;unknown;0
1281;94;136;137;land;false;unknown;0
1282;170;119;173;land;true;urban;0
1283;141;103;140;land;false;unknown;0
1284;184;165;184;land;false;unknown;0
1285;136;141;191;land;false;unknown;0
1286;208;195;120;land;true;urban;0
1287;113;135;136;land;false;desert;0
1288;97;170;173;land;false;urban;0
1289;111;149;92;land;true;desert;1
1290;233;220;145;land;false;desert;1
1291;84;184;185;land;true;urban;1
1292;99;120;89;land;false;urban;1
1293;147;172;135;land;false;urban;1
1294;168;76;219;land;true;unknown;0
1295;200;189;90;land;false;unknown;0
1296;239;30;60;land;false;unknown;0
1297;140;95;134;land;false;unknown;0
1298;175;138;176;land;false;unknown;0
1299;77;122;137;land;false;unknown;0
1300;151;106;152;land;false;unknown;0
1301;103;153;202;land;false;unknown;0
1302;248;231;158;land;false;unknown;0
1303;166;138;168;land;false;unknown;0
1304;182;147;167;land;false;unknown;0
1305;171;141;172;land;false;unknown;0
1306;120;173;113;land;false;unknown;0
1307;148;101;149;land;false;unknown;0
1308;158;203;248;land;false;unknown;0
1309;130;175;184;land;false;unknown;0
1310;215;177;199;land;false;unknown;0
1311;138;164;150;land;false;unknown;0
1312;117;144;190;land;false;unknown;0
1313;122;186;125;land;false;unknown;0
1314;131;166;202;land;false;unknown;0
1315;97;132;168;land;false;unknown;0
1316;158;159;198;land;false;unknown;0
1317;238;216;176;land;false;unknown;0
1318;181;170;197;land;false;unknown;0
1319;119;178;169;land;false;unknown;0
1320;191;178;210;land;false;unknown;0
1321;154;141;189;land;false;unknown;0
1322;107;81;146;land;false;unknown;0
1323;119;144;121;land;false;unknown;0
1324;137;108;173;land;false;unknown;0
1325;176;143;184;land;false;unknown;0
1326;148;191;164;land;false;unknown;0
1327;175;212;137;land;false;unknown;0
1328;237;46;112;land;false;unknown;0
1329;119;199;217;land;false;unknown;0
1330;196;18;93;land;false;unknown;0
1331;191;19;174;land;false;unknown;0
1332;14;230;219;land;false;unknown;0
1333;84;197;246;land;false;unknown;0
1334;188;121;49;land;false;unknown;0
1335;250;217;124;land;false;unknown;0
1336;210;192;82;land;false;unknown;0
1337;240;239;22;land;true;unknown;0
1338;245;158;80;land;false;unknown;0
1339;103;185;135;land;false;unknown;0
1340;152;67;89;land;false;unknown;0
1341;38;243;68;land;false;unknown;0
1342;121;80;221;land;false;unknown;0
1343;76;160;215;land;true;unknown;0
1344;227;183;191;land;false;unknown;0
1345;86;196;241;land;true;unknown;0
1346;142;230;209;land;true;unknown;0
1347;136;186;37;land;true;unknown;0
1348;150;93;112;land;true;unknown;0
1349;232;115;29;land;false;unknown;0
1350;108;187;12;land;false;unknown;0
1351;92;224;31;land;false;unknown;0
1352;121;199;246;land;false;unknown;0
1353;202;131;80;land;false;unknown;0
1354;94;87;183;land;false;unknown;0
1355;230;200;143;land;false;unknown;0
1356;122;227;228;land;false;unknown;0
1357;59;217;208;land;false;unknown;0
1358;197;141;40;land;false;unknown;0
1359;120;197;217;land;false;unknown;0
1360;90;71;248;land;false;unknown;0
